elapsed_s,pid,pcpu,pmem,rss_kb,vsz_kb
0,187461,1.0,0.3,71960,1716212
10,187461,0.7,0.3,72420,1716356
20,187461,7.1,0.4,96244,1749284
30,187461,12.7,0.7,140948,1787960
40,187461,16.1,0.7,154384,1852692
50,187461,18.0,0.9,196016,1853992
60,187461,19.3,0.9,196776,1854140
70,187461,20.1,0.9,196864,1854136
80,187461,20.8,0.9,196920,1854136
90,187461,21.3,0.9,196864,1854136
100,187461,21.7,0.9,197008,1854252
110,187461,22.1,0.9,197032,1854252
120,187461,22.3,1.0,197240,1854240
130,187461,22.6,1.0,197184,1854184
140,187461,22.9,0.4,88188,1720544
150,187461,23.1,0.4,91708,1725664
160,187461,23.3,0.4,91996,1725920
170,187461,23.4,0.5,98720,1734368
180,187461,23.6,0.5,99064,1734368
190,187461,23.6,0.5,99108,1734368
200,187461,23.7,0.5,99340,1734368
210,187461,23.7,0.5,99360,1734368
221,187461,23.8,0.5,99360,1734368
231,187461,23.8,0.5,99360,1734368
241,187461,23.9,0.5,99360,1734368
251,187461,23.9,0.5,99360,1734368
261,187461,24.0,0.5,112540,1750496
271,187461,24.0,0.5,112772,1750496
281,187461,24.1,0.5,112772,1750496
291,187461,24.1,0.5,112808,1750496
301,187461,24.2,0.5,112900,1750496
311,187461,24.3,0.5,112900,1750496
321,187461,24.4,0.5,113004,1751008
331,187461,24.6,0.5,113700,1751776
341,187461,24.7,0.5,113780,1751776
351,187461,24.8,0.5,113852,1751776
361,187461,25.0,0.4,88068,1721568
371,187461,25.1,0.4,91408,1725664
381,187461,25.3,0.4,92288,1725664
391,187461,25.4,0.4,98440,1734112
401,187461,25.6,0.4,98528,1734112
411,187461,25.6,0.5,98660,1734112
421,187461,25.7,0.5,98928,1734112
431,187461,25.8,0.5,98928,1734112
441,187461,25.9,0.5,98944,1734112
451,187461,25.9,0.5,98980,1734112
461,187461,26.0,0.5,98980,1734112
471,187461,26.1,0.5,111820,1750496
481,187461,26.2,0.5,111828,1750496
491,187461,26.3,0.5,111844,1750496
501,187461,26.3,0.5,111888,1750496
511,187461,26.4,0.5,111888,1750496
521,187461,26.5,0.5,111888,1750496
531,187461,26.5,0.5,111888,1750496
541,187461,26.5,0.5,111888,1750496
551,187461,26.6,0.5,111888,1750496
561,187461,26.6,0.5,111900,1750496
571,187461,26.7,0.5,112016,1750752
581,187461,26.7,0.5,112092,1750752
591,187461,26.8,0.5,112200,1750752
601,187461,26.8,0.5,112476,1751132
611,187461,26.7,0.5,112736,1751324
621,187461,26.7,0.5,113240,1752540
631,187461,26.7,0.5,113796,1752732
641,187461,26.7,0.5,114120,1752924
651,187461,26.6,0.5,114396,1753116
662,187461,26.6,0.5,114712,1753308
672,187461,26.6,0.5,115036,1753500
682,187461,26.6,0.5,115548,1754140
692,187461,26.5,0.5,115988,1754588
702,187461,26.5,0.5,116000,1754588
712,187461,26.5,0.5,116000,1754588
722,187461,26.5,0.5,116000,1754588
732,187461,26.5,0.5,116000,1754588
742,187461,26.4,0.5,116004,1754588
752,187461,26.2,0.5,116004,1754588
762,187461,25.8,0.5,116004,1754588
772,187461,25.5,0.5,116004,1754588
